INSERT INTO customer (first_name,last_name,id)
VALUES
  ('Zenaida','Hayley',1),
  ('Tatyana','Debra',2),
  ('Quintessa','Maite',3),
  ('Aileen','Kaitlin',4),
  ('Zia','Faith',5),
  ('April','Leigh',6),
  ('Anastasia','Amelia',7),
  ('Allen','Harriet',8),
  ('Maite','Hayley',9),
  ('Keith','Sigourney',10);
INSERT INTO customer (first_name,last_name,id)
VALUES
  ('Harriet','Ava',11),
  ('Tobias','Barbara',12),
  ('Nicholas','Nina',13),
  ('Ruby','Amela',14),
  ('Seth','Britanni',15),
  ('Rogan','Deanna',16),
  ('Alexis','Hollee',17),
  ('Garth','Zelda',18),
  ('Plato','Celeste',19),
  ('Cole','Ivy',20);
INSERT INTO customer (first_name,last_name,id)
VALUES
  ('Leonard','Isabelle',21),
  ('Hector','Ella',22),
  ('Patience','Signe',23),
  ('Driscoll','Adara',24),
  ('Jaquelyn','Skyler',25),
  ('Nichole','Denise',26),
  ('Rachel','Quemby',27),
  ('Raja','Lydia',28),
  ('Iola','Justina',29),
  ('Harriet','Macy',30);
INSERT INTO customer (first_name,last_name,id)
VALUES
  ('Ezekiel','Debra',31),
  ('Judah','Avye',32),
  ('Norman','Morgan',33),
  ('Tana','Miranda',34),
  ('Renee','Octavia',35),
  ('Kay','Kyla',36),
  ('Yasir','Nyssa',37),
  ('Cullen','Willow',38),
  ('Gavin','Noelani',39),
  ('Caesar','Yen',40);
INSERT INTO customer (first_name,last_name,id)
VALUES
  ('Xander','Amity',41),
  ('Maggy','Juliet',42),
  ('Charles','Kyla',43),
  ('Emmanuel','Maggie',44),
  ('Hedley','Maile',45),
  ('Suki','Tasha',46),
  ('Porter','Hanna',47),
  ('Armando','April',48),
  ('Zahir','Danielle',49),
  ('Lacy','Elizabeth',50);
INSERT INTO customer (first_name,last_name,id)
VALUES
  ('Patricia','Abigail',51),
  ('Alfreda','Cara',52),
  ('Nola','Xandra',53),
  ('Hilary','Hollee',54),
  ('Ryder','Whitney',55),
  ('Haley','Martina',56),
  ('Brendan','Gisela',57),
  ('Shad','Vielka',58),
  ('Savannah','Quail',59),
  ('Jesse','Laurel',60);
INSERT INTO customer (first_name,last_name,id)
VALUES
  ('Chadwick','Stella',61),
  ('Cameron','Neve',62),
  ('Vladimir','Nyssa',63),
  ('Baker','Meghan',64),
  ('Jayme','Ursa',65),
  ('Fay','Yetta',66),
  ('Victor','Madeson',67),
  ('Bryar','Cara',68),
  ('Holmes','Madison',69),
  ('Joel','Ruby',70);
INSERT INTO customer (first_name,last_name,id)
VALUES
  ('Lenore','Pascale',71),
  ('Merrill','Mechelle',72),
  ('Brady','Kirestin',73),
  ('Nita','Raven',74),
  ('Mark','Lilah',75),
  ('Candace','Uta',76),
  ('Hollee','Carla',77),
  ('Gavin','Imani',78),
  ('Xenos','Daphne',79),
  ('Hamilton','Rae',80);
INSERT INTO customer (first_name,last_name,id)
VALUES
  ('Peter','Buffy',81),
  ('Melvin','Mari',82),
  ('Venus','Larissa',83),
  ('Ria','Iona',84),
  ('Dana','Yen',85),
  ('Oscar','Victoria',86),
  ('Nevada','Melanie',87),
  ('Keaton','Melanie',88),
  ('Cole','MacKenzie',89),
  ('Reagan','Gloria',90);
INSERT INTO customer (first_name,last_name,id)
VALUES
  ('Amery','Hilda',91),
  ('Imani','Clio',92),
  ('Hiram','Wynter',93),
  ('Beck','Madaline',94),
  ('Kay','Joelle',95),
  ('Jacqueline','Freya',96),
  ('Alice','Amelia',97),
  ('Harrison','Rhoda',98),
  ('Kevin','Rosalyn',99),
  ('Emma','Dana',100);
INSERT INTO product (product_name,id)
VALUES
  ('Jinju potatoes',1),
  ('Sarpsborg potatoes',2),
  ('Trujillo potatoes',3),
  ('Feira potatoes de Santana',4),
  ('Silchar potatoes',5),
  ('General potatoes Lagos',6),
  ('Bangor potatoes',7),
  ('San potatoes Rafael',8),
  ('Bergen potatoes',9),
  ('Chongqing potatoes',10),
  ('Mielec potatoes',11),
  ('Hastings potatoes',12),
  ('Simpang potatoes',13),
  ('Piła potatoes',14),
  ('Lương potatoes Bằng',15),
  ('Darwin potatoes',16),
  ('Chancay potatoes',17),
  ('Erciş potatoes',18),
  ('Sandefjord potatoes',19),
  ('Frankston potatoes',20),
  ('Andong potatoes',21),
  ('Palembang potatoes',22),
  ('Oamaru potatoes',23),
  ('Melitopol potatoes',24),
  ('Puerto potatoes Carreño',25),
  ('Ashburton potatoes',26),
  ('Iqaluit potatoes',27),
  ('Dordrecht potatoes',28),
  ('Emalahleni potatoes',29),
  ('Frankenthal potatoes',30),
  ('Huancayo potatoes',31),
  ('Tây potatoes Ninh',32),
  ('Kharmang potatoes',33),
  ('Beijing potatoes',34),
  ('Soledad potatoes',35),
  ('San potatoes Vicente de Cañete',36),
  ('Lithgow potatoes',37),
  ('Almere potatoes',38),
  ('Ammanford potatoes',39),
  ('Goderich potatoes',40),
  ('Caucaia potatoes',41),
  ('Dublin potatoes',42),
  ('Jeju potatoes',43),
  ('Russell potatoes',44),
  ('Gorinchem potatoes',45),
  ('Oroquieta potatoes',46),
  ('Bremen potatoes',47),
  ('Ulm potatoes',48),
  ('Ila potatoes',49),
  ('Yopal potatoes',50);
INSERT INTO product (product_name,id)
VALUES
  ('Hougang potatoes',51),
  ('Banjar potatoes',52),
  ('Tarma potatoes',53),
  ('Skudeneshavn potatoes',54),
  ('Imphal potatoes',55),
  ('Geoje potatoes',56),
  ('Den potatoes Helder',57),
  ('Cork potatoes',58),
  ('Okene potatoes',59),
  ('Veracruz potatoes',60),
  ('Gjoa potatoes Haven',61),
  ('Cape potatoes Breton Island',62),
  ('Uyo potatoes',63),
  ('Korosten potatoes',64),
  ('Bacabal potatoes',65),
  ('Hamburg potatoes',66),
  ('Ørsta potatoes',67),
  ('Gimcheon potatoes',68),
  ('Timaru potatoes',69),
  ('Sialkot potatoes',70),
  ('Gilly potatoes',71),
  ('Pangkalpinang potatoes',72),
  ('Quesada potatoes',73),
  ('Fujian potatoes',74),
  ('Guápiles potatoes',75),
  ('San potatoes Marcos',76),
  ('Ørsta potatoes',77),
  ('Sousa potatoes',78),
  ('Kimberley potatoes',79),
  ('Strasbourg potatoes',80),
  ('Jönköping potatoes',81),
  ('Arequipa potatoes',82),
  ('Bad potatoes Dürkheim',83),
  ('Quetta potatoes',84),
  ('Siedlce potatoes',85),
  ('Kontich potatoes',86),
  ('Ananindeua potatoes',87),
  ('Larvik potatoes',88),
  ('Dublin potatoes',89),
  ('Rionegro potatoes',90),
  ('Parramatta potatoes',91),
  ('Notodden potatoes',92),
  ('Gongju potatoes',93),
  ('Almere potatoes',94),
  ('Pulle potatoes',95),
  ('Sint potatoes-Gillis',96),
  ('Swindon potatoes',97),
  ('Parla potatoes',98),
  ('Førde potatoes',99),
  ('Port potatoes Pirie',100);


INSERT INTO receipt (quantity,price,transaction_date,customer_id,product_id,amount,id)
VALUES
  (4,'1.2593015484','08.09.21',41,21,'5.0372061936',1),
  (7,'0.3612726260','07.27.21',92,16,'2.528908382',2),
  (1,'1.5679900196','07.20.21',2,28,'1.5679900196',3),
  (1,'0.7258458505','07.06.21',60,27,'0.7258458505',4),
  (3,'1.2232643877','07.25.21',52,26,'3.6697931631',5),
  (1,'0.8264249379','07.29.21',84,21,'0.8264249379',6),
  (12,'0.5287374714','08.17.21',74,1,'6.344849656800001',7),
  (11,'1.2185135064','07.26.21',42,1,'13.403648570399998',8),
  (2,'1.0737710255','07.03.21',83,1,'2.147542051',9),
  (8,'1.0627439702','07.30.21',1,20,'8.5019517616',10),
  (9,'0.8410769503','07.15.21',65,35,'7.569692552699999',11),
  (10,'1.2817416479','08.17.21',90,1,'12.817416478999998',12),
  (7,'1.4935560487','08.15.21',79,3,'10.454892340899999',13),
  (7,'1.0212962160','08.15.21',35,4,'7.149073512000001',14),
  (8,'0.9921515786','07.11.21',44,22,'7.9372126288',15),
  (5,'0.7411763578','07.18.21',23,19,'3.705881789',16),
  (6,'1.3674124361','07.07.21',34,1,'8.204474616599999',17),
  (6,'1.4525761381','08.03.21',43,29,'8.7154568286',18),
  (5,'1.3954873385','07.03.21',15,11,'6.9774366924999995',19),
  (10,'1.1755214414','08.27.21',56,1,'11.755214414',20),
  (7,'0.7615017882','08.25.21',19,21,'5.3305125174',21),
  (10,'0.6511955032','07.08.21',31,42,'6.5119550319999995',22),
  (9,'0.8901574787','08.23.21',96,25,'8.0114173083',23),
  (9,'0.8729674614','07.31.21',3,24,'7.8567071526',24),
  (4,'0.7907289418','07.31.21',86,24,'3.1629157672',25),
  (4,'1.4068388236','07.08.21',75,24,'5.6273552944',26),
  (10,'1.1045267237','07.20.21',82,31,'11.045267237000001',27),
  (11,'1.2439994998','07.06.21',100,1,'13.683994497799999',28),
  (5,'0.9356091466','07.20.21',34,36,'4.678045733',29),
  (7,'1.0897059754','08.20.21',48,20,'7.6279418278',30),
  (10,'0.7053217616','07.05.21',58,8,'7.053217616',31),
  (12,'1.2347847302','08.10.21',23,1,'14.817416762399999',32),
  (9,'1.0380845958','08.28.21',71,1,'9.342761362200001',33),
  (3,'0.9799290438','07.10.21',38,26,'2.9397871314',34),
  (8,'0.9941761763','07.29.21',67,26,'7.9534094104',35),
  (7,'1.1864698146','08.03.21',70,2,'8.305288702199999',36),
  (8,'0.7415004475','07.06.21',64,3,'5.93200358',37),
  (7,'0.8366266737','07.14.21',92,27,'5.8563867159',38),
  (5,'0.6407742045','07.10.21',32,24,'3.2038710225',39),
  (1,'0.8376943699','07.16.21',61,21,'0.8376943699',40),
  (11,'1.0156151140','07.28.21',78,1,'11.171766254000001',41),
  (11,'1.1897299747','07.07.21',50,26,'13.0870297217',42),
  (11,'1.0675836877','07.23.21',16,1,'11.7434205647',43),
  (3,'0.9835606134','08.16.21',81,29,'2.9506818402',44),
  (8,'1.4080024470','08.29.21',82,23,'11.264019576',45),
  (8,'0.3937168645','07.13.21',2,22,'3.149734916',46),
  (6,'1.2509220742','07.07.21',21,22,'7.5055324452',47),
  (2,'0.5468990496','08.06.21',21,22,'1.0937980992',48),
  (3,'1.2348851474','07.25.21',44,27,'3.7046554422',49),
  (10,'1.3244568956','07.19.21',28,2,'13.244568956',50);
INSERT INTO receipt (quantity,price,transaction_date,customer_id,product_id,amount,id)
VALUES
 (7 ,'1.4531437642','07.10.21',16,1 ,'10.1720063494', 51),
(10, '0.8527182259','07.12.21',8, 2, '8.527182259' ,52),
(2,'1.0189400362','08.26.21',71,3, '2.0378800724',53),
(10,'1.2128169455','08.19.21',1, 4 ,'12.128169455',54);